,total_return,annualized_return,volatility,sharpe_ratio,max_drawdown,calmar_ratio,win_rate,num_trades,final_value
Hybrid_AAPL,-0.040435084184683556,-0.046588095442724575,0.03704885156038391,-1.7973052507227185,-0.046616104075740496,-0.9993991640105657,0.4240506329113924,316.0,95956.49158153165
Hybrid_MSFT,-0.04186300271868759,-0.048227787890494755,0.03203977706511175,-2.129471367788894,-0.05336804730891876,-0.9036828275040715,0.37341772151898733,316.0,95813.69972813124
